"Time","Type","FaultingApplicationName","ApplicationVersion","FaultingModule","ExceptionCode","FaultOffset","FaultingProcessId","ReportId","FaultingPackageFullName"
"2024-10-23 11:34 PM","Application Error","Photos.exe","0.0.0.0","ntdll.dll","0xc0000005Fault","0x0000000000037ce0","0x0x2F40","c0492106-262a-404a-b0db-873a273ed73b","Microsoft.Windows.Photos_2024.11070.31001.0_x64__8wekyb3d8bbwe"
"2024-10-22 9:00 PM","Application Error","Photos.exe","0.0.0.0","ntdll.dll","0xc0000005Fault","0x0000000000037ce0","0x0x52E8","bffd1496-ab69-4deb-801b-d1d1f1cc7aa4","Microsoft.Windows.Photos_2024.11070.31001.0_x64__8wekyb3d8bbwe"
"2024-10-22 8:37 PM","Application Error","Photos.exe","0.0.0.0","ntdll.dll","0xc0000005Fault","0x0000000000037ce0","0x0x2D5C","c9bdb679-907e-442c-8719-badc1a0922e1","Microsoft.Windows.Photos_2024.11070.31001.0_x64__8wekyb3d8bbwe"
"2024-10-22 8:25 PM","Application Error","AdobeARM.exe","1.824.460.1091","ntdll.dll","0xc0000005Fault","0x00044059","0x0x60C0","363732e3-d380-4d86-871e-22d9a3c2be73",""
"2024-10-21 4:29 PM","Application Error","TPHKLOAD.exe","10.11.0.10","MMDevApi.dll","0xc0000005Fault","0x000000000000e049","0x0x180C","fc15f475-b609-407c-bf29-756708d55319",""
"2024-10-18 6:16 PM","Application Error","ensserver.exe","0.0.0.0","ntdll.dll","0xc0000374Fault","0x000edc0f","0x0x1750","aa2b20bf-3a71-49b8-84bd-26d3a1cac0d5",""
"2024-10-17 4:57 PM","Application Error","lua.exe","6.5.0.1","unknown","0xc0000005Fault","0x000002a0","0x0x3090","e6fb6e24-eebb-4305-88cb-26f24681b120",""
"2024-10-16 10:43 PM","Application Error","KaseyaLiveConnect.exe","9.5.8908.10196","ntdll.dll","0xc0000005Fault","0x0000000000037ce0","0x0x28BC","ce1f9386-8fdc-47a0-9fd3-5d23bbfa34f0",""
"2024-10-16 6:07 PM","Application Error","Sonos.exe","6.0.0.34230","KERNELBASE.dll","0xc0020001Fault","0x0014b282","0x0x624","2d1e3c08-6628-4e46-9312-91a70f58f146",""
"2024-10-16 4:13 PM","Application Error","WerFault.exe","10.0.22621.3810","ntdll.dll","0xc0000005Fault","0x00044059","0x0x446C","70e50485-523f-4986-be31-02cc67a3cf8c",""
"2024-10-16 4:13 PM","Application Error","AdobeARM.exe","1.824.460.1091","ntdll.dll","0xc0000005Fault","0x00044059","0x0x5870","f63362df-e220-4706-bbc9-65df718c1eb4",""
"2024-10-15 10:22 PM","Application Error","Photos.exe","0.0.0.0","ntdll.dll","0xc0000005Fault","0x0000000000037ce0","0x0x6C38","731983e9-dab0-402d-a975-efa27dccbf58","Microsoft.Windows.Photos_2024.11070.31001.0_x64__8wekyb3d8bbwe"
"2024-10-15 8:14 PM","Application Error","Photos.exe","0.0.0.0","ntdll.dll","0xc0000005Fault","0x0000000000037ce0","0x0x1AEC","24d9a86e-9b5f-4d9a-869a-0e14ea6c430a","Microsoft.Windows.Photos_2024.11070.31001.0_x64__8wekyb3d8bbwe"
"2024-10-15 7:36 PM","Application Error","Photos.exe","0.0.0.0","ntdll.dll","0xc0000005Fault","0x0000000000037ce0","0x0x4378","3cfa613e-53ce-4b1d-9719-2f071ea6aed2","Microsoft.Windows.Photos_2024.11070.31001.0_x64__8wekyb3d8bbwe"
"2024-10-15 3:11 PM","Application Error","Photos.exe","0.0.0.0","ntdll.dll","0xc0000005Fault","0x0000000000037ce0","0x0x4BF0","68dbaac3-2256-436c-bc70-86f13b1bc302","Microsoft.Windows.Photos_2024.11070.31001.0_x64__8wekyb3d8bbwe"
"2024-10-10 10:27 PM","Application Error","dockManagersetup_1.5.2.2.tmp","51.1052.0.0","dockManagersetup_1.5.2.2.tmp","0xc0000005Fault","0x0000a600","0x0x1B98","1b6d79c2-cae2-427b-bd67-a77175c37174",""
"2024-10-10 10:27 PM","Application Error","WerFault.exe","10.0.22621.3810","ntdll.dll","0xc0000005Fault","0x00044059","0x0x8664","be73550c-abc8-4d1e-bc4f-d36b630c5c10",""
"2024-10-10 10:27 PM","Application Error","dockManagersetup_1.5.2.2.tmp","51.1052.0.0","ntdll.dll","0xc0000005Fault","0x00044059","0x0x1B98","c3a8bb86-52e3-4b71-96a1-63ac4d979aba",""
"2024-10-10 9:32 PM","Application Error","Photos.exe","0.0.0.0","ntdll.dll","0xc0000005Fault","0x0000000000037ce0","0x0xE38","e0260ce4-b694-4ffc-a1d3-df4a7571cda4","Microsoft.Windows.Photos_2024.11070.31001.0_x64__8wekyb3d8bbwe"
"2024-10-10 6:12 PM","Application Error","AdobeARM.exe","1.824.460.1091","ntdll.dll","0xc0000005Fault","0x00044059","0x0x74D8","2b15467c-c638-4158-a176-72d81c1e4a50",""
"2024-10-10 6:11 PM","Application Error","advinst.exe","21.7.1.0","ntdll.dll","0xc0000409Fault","0x00099d40","0x0x822C","a93e8458-5052-45c7-a0e5-86b81f36534f",""
"2024-10-10 5:58 PM","Application Error","bad_module_info","0.0.0.0","unknown","0x00000000Fault","0x00000000","0x0x181C","de1dbb01-0bfc-49af-83c4-328cc2805a5a",""
"2024-10-10 3:13 PM","Application Error","WerFault.exe","10.0.22621.3810","ntdll.dll","0xc0000005Fault","0x00044059","0x0x183C","02fca897-a2fe-4669-ac03-f9edcbeea37f",""
"2024-10-10 3:13 PM","Application Error","AdobeARM.exe","1.824.460.1091","ntdll.dll","0xc0000005Fault","0x00044059","0x0x5938","dc2d9b0b-296c-4bd3-ba8c-c1a3030dc16e",""
"2024-10-09 11:52 PM","Application Error","lua.exe","6.5.0.1","unknown","0xc0000005Fault","0x000000a0","0x0x2C1C","33467836-d705-4498-961b-c736d8f6d503",""
"2024-10-09 11:51 PM","Application Error","PrintixService.exe","2.3.0.216","KERNELBASE.dll","0xe0434352Fault","0x000000000005fe4c","0x0x1A64","3d665aa4-deb7-4d68-bb7f-e82aa8b0802c",""
"2024-10-09 3:13 PM","Application Error","AdobeARM.exe","1.824.460.1091","ntdll.dll","0xc0000005Fault","0x00044059","0x0x27C8","b71bf53a-e96d-49cd-aa51-c798a17338fb",""
"2024-10-08 2:57 PM","Application Error","WerFault.exe","10.0.22621.3810","ntdll.dll","0xc0000005Fault","0x00044059","0x0x1E94","0b9ac457-772d-450f-82da-679c7430992c",""
"2024-10-08 2:57 PM","Application Error","AdobeARM.exe","1.824.460.1091","ntdll.dll","0xc0000005Fault","0x00044059","0x0x33DC","2f7241ea-87bc-469d-b802-03e6f2673b5f",""
"2024-10-07 9:36 PM","Application Error","svchost.exe_cbdhsvc","10.0.22621.1","SmartActionPlatform.dll","0xc0000005Fault","0x0000000000008805","0x0x5F68","90c41021-8d4e-4dad-b267-d1a1599ad4e7",""
"2024-10-07 9:32 PM","Application Error","WerFault.exe","10.0.22621.3810","ntdll.dll","0xc0000005Fault","0x00044059","0x0x8298","02e2b9ef-601f-4920-b993-b425f91d9b96",""
"2024-10-07 9:32 PM","Application Error","AdobeARM.exe","1.824.460.1091","ntdll.dll","0xc0000005Fault","0x00044059","0x0x4AA4","cc3597b0-777a-421d-a24b-4b088fe2c50c",""
"2024-10-07 2:48 PM","Application Error","AdobeARM.exe","1.824.460.1091","ntdll.dll","0xc0000005Fault","0x00044059","0x0x5334","084d5d3d-19e9-445f-9e88-15ee3f2fc255",""
"2024-10-04 2:40 PM","Application Error","AdobeARM.exe","1.824.460.1091","ntdll.dll","0xc0000005Fault","0x00044059","0x0x12C0","f01bd2fe-4a99-4157-99d2-891b5f190c82",""
"2024-10-03 9:56 PM","Application Error","svchost.exe_cbdhsvc","10.0.22621.1","SmartActionPlatform.dll","0xc0000005Fault","0x0000000000008805","0x0x6C88","f0177984-a508-47bc-851f-2ee8841f8dbd",""
"2024-10-03 7:39 PM","Application Error","AdobeARM.exe","1.824.460.1091","ntdll.dll","0xc0000005Fault","0x00044059","0x0x59D8","9055adbc-f1e2-44e7-9d79-1ed9d69ce0c9",""
"2024-10-03 3:09 PM","Application Error","AdobeARM.exe","1.824.460.1091","ntdll.dll","0xc0000005Fault","0x00044059","0x0x373C","68a6816a-96af-4317-bd47-f42f1f710ba0",""
"2024-10-02 4:21 PM","Application Error","ensserver.exe","0.0.0.0","ucrtbase.dll","0xc0000409Fault","0x0009e3bb","0x0x1838","4699326d-9e48-4d2a-be12-a04a130e5d0a",""
"2024-10-01 11:57 PM","Application Error","bad_module_info","0.0.0.0","unknown","0x00000000Fault","0x00000000","0x0x1B28","9fdf9eba-4917-4548-9cb3-26b7c03d2a00",""
"2024-10-01 11:54 PM","Application Error","lua.exe","6.5.0.1","unknown","0xc0000005Fault","0x000003c4","0x0x2D0C","3c8e4669-4ae6-42c2-a9e6-0ad0e5f635d5",""
"2024-10-01 9:02 PM","Application Error","innosetup-6.3.3.tmp","51.1052.0.0","innosetup-6.3.3.tmp","0xc0000005Fault","0x0000a878","0x0x2548","53d39475-4fff-4b33-94fa-eca16f810444",""
"2024-10-01 9:02 PM","Application Error","WerFault.exe","10.0.22621.3810","ntdll.dll","0xc0000005Fault","0x00044069","0x0x869C","f9d794cd-ac13-45ae-a3bb-39cf3d0ef74b",""
"2024-10-01 9:01 PM","Application Error","innosetup-6.3.3.tmp","51.1052.0.0","ntdll.dll","0xc0000005Fault","0x00044069","0x0x2548","0a7d0c14-e2d3-4d47-8d08-ef21000794dd",""
"2024-10-01 2:58 PM","Application Error","WerFault.exe","10.0.22621.3810","ntdll.dll","0xc0000005Fault","0x00044069","0x0x37B8","70bf3ad2-3920-4218-bbf2-0bf21f1762ae",""
"2024-10-01 2:57 PM","Application Error","AdobeARM.exe","1.824.460.1091","ntdll.dll","0xc0000005Fault","0x00044069","0x0x4864","231b28cc-af7f-43cf-b4f0-87f326b0e462",""
"2024-09-27 4:20 PM","Application Error","Photos.exe","0.0.0.0","ntdll.dll","0xc0000005Fault","0x0000000000037d00","0x0x813C","01e8f6c1-191b-43d3-af57-54c310f0d457","Microsoft.Windows.Photos_2024.11070.31001.0_x64__8wekyb3d8bbwe"
"2024-09-27 3:09 PM","Application Error","AdobeARM.exe","1.824.460.1091","ntdll.dll","0xc0000005Fault","0x00044069","0x0x319C","d7ceabcd-d1c0-4748-b374-7d761f9479e8",""
"2024-09-26 3:13 PM","Application Error","AdobeARM.exe","1.824.460.1091","ntdll.dll","0xc0000005Fault","0x00044069","0x0x718","d38090f7-de09-4821-948b-54519b0d99c8",""
"2024-09-25 7:45 PM","Application Error","AirPodsDesktop.exe","0.4.1.0","dsound.dll","0xc0000005Fault","0x00054f01","0x0x20D4","5dfb1aa8-4284-4cf6-a0ee-04d6c21e1c03",""
"2024-09-25 5:47 PM","Application Error","Explorer.EXE","10.0.22621.4169","SnapLayout.dll","0xc000027bFault","0x0000000000055b82","0x0x61D4","99fd8fc0-b501-413c-9d18-45c4edec2a95",""
"2024-09-24 10:18 PM","Application Error","ctfmon.exe","10.0.22621.1","InputService.dll","0x00000675Fault","0x00000000000da184","0x0x3034","8179a4a2-a518-452a-916c-53b7119da21e",""
"2024-09-24 3:02 PM","Application Error","WerFault.exe","10.0.22621.3810","ntdll.dll","0xc0000005Fault","0x00044069","0x0x3DA0","87f1d616-2974-4c01-a0e4-88bf86d91503",""
"2024-09-24 3:02 PM","Application Error","AdobeARM.exe","1.824.460.1091","ntdll.dll","0xc0000005Fault","0x00044069","0x0x5EC8","51cfcf2c-941f-43ce-89fc-5a4cda0858b7",""
"2024-09-23 11:21 PM","Application Error","AdobeARM.exe","1.824.460.1091","ntdll.dll","0xc0000005Fault","0x00044069","0x0x3D48","b6525af1-7e1d-4b29-828f-034657533688",""
"2024-09-23 11:09 PM","Application Error","ensserver.exe","0.0.0.0","ucrtbase.dll","0xc0000409Fault","0x0009e3bb","0x0x18DC","2b9ff85d-0b4d-4418-9477-ccac633309ca",""
"2024-09-23 7:15 PM","Application Error","WerFault.exe","10.0.22621.3810","ntdll.dll","0xc0000005Fault","0x00044069","0x0x39A4","ab037d93-028e-44cf-af37-5957f4830d57",""
"2024-09-23 7:15 PM","Application Error","AdobeARM.exe","1.824.460.1091","ntdll.dll","0xc0000005Fault","0x00044069","0x0x5334","0b0e012c-589e-40d6-ac58-2296200f0a9c",""
"2024-09-23 2:45 PM","Application Error","ensserver.exe","0.0.0.0","ucrtbase.dll","0xc0000409Fault","0x0009e3bb","0x0x18F0","5f1f9c12-4cff-4a5c-aa6b-f7bf7a227a92",""
"2024-09-21 12:02 AM","Application Error","lua.exe","6.5.0.1","unknown","0xc0000005Fault","0x0000029c","0x0x30C0","50913808-8fe4-4cb6-a5d4-8da09b147cea",""
"2024-09-20 7:48 PM","Application Error","WerFault.exe","10.0.22621.3810","ntdll.dll","0xc0000005Fault","0x00044069","0x0x5FC0","0f006d0d-69b2-4c2a-8803-6c3bff0c8e3e",""
"2024-09-20 7:47 PM","Application Error","AdobeARM.exe","1.824.460.1091","ntdll.dll","0xc0000005Fault","0x00044069","0x0x6D8C","fe1c0af7-666b-4966-b5e0-77015a8c64a8",""
"2024-09-19 3:35 PM","Application Error","KaseyaLiveConnect.exe","9.5.8908.10196","ntdll.dll","0xc0000005Fault","0x0000000000037d00","0x0x7D08","43fb9724-4db9-49b9-a609-6107a3cae16d",""
"2024-09-18 11:31 PM","Application Error","KaseyaLiveConnect.exe","9.5.8908.10196","ntdll.dll","0xc0000005Fault","0x0000000000037d00","0x0x1E74","af2b2eff-9c95-4951-b2a5-c3ac7bb53172",""
"2024-09-18 3:31 PM","Application Error","WerFault.exe","10.0.22621.3810","ntdll.dll","0xc0000005Fault","0x0000000000037d00","0x0x43E4","61fb7eb8-689e-4265-bcb2-37c21127b58d",""
"2024-09-18 3:31 PM","Application Error","KaseyaLiveConnect.exe","9.5.8908.10196","ntdll.dll","0xc0000005Fault","0x0000000000037d00","0x0x51C0","15a050b3-9ea2-4bd4-96d4-5cbfb0c071db",""
"2024-09-17 4:54 PM","Application Error","ctfmon.exe","10.0.22621.1","InputService.dll","0x00000675Fault","0x00000000000da184","0x0x614","be52d560-a433-4821-80e3-f8ad7cb3fe41",""
"2024-09-12 3:00 PM","Application Error","WerFault.exe","10.0.22621.3810","ntdll.dll","0xc0000005Fault","0x00044069","0x0x28E8","68583867-20d4-4647-a8ad-c784701a4e34",""
"2024-09-12 3:00 PM","Application Error","AdobeARM.exe","1.824.460.1091","ntdll.dll","0xc0000005Fault","0x00044069","0x0x720C","6dfa6125-0767-421e-b4f9-d9aa0578089c",""
"2024-09-10 10:16 PM","Application Error","AppliedPolicyWorks-GR-RemoteApp-Setup.tmp","51.1052.0.0","AppliedPolicyWorks-GR-RemoteApp-Setup.tmp","0xc0000005Fault","0x00008724","0x0x849C","e67bbd9c-82fb-4594-a1e7-f34b19870f6c",""
"2024-09-10 10:16 PM","Application Error","AppliedPolicyWorks-GR-RemoteApp-Setup.tmp","51.1052.0.0","ntdll.dll","0xc0000005Fault","0x00044069","0x0x849C","316b8017-5b24-4062-a1db-a7b6606f0bc7",""
"2024-09-10 8:02 PM","Application Error","WerFault.exe","10.0.22621.3810","ntdll.dll","0xc0000005Fault","0x00044069","0x0x6EB0","5a0452d2-9573-4f5a-af9b-23222d6aba02",""
"2024-09-10 8:02 PM","Application Error","AppliedPolicyWorks-GR-RemoteApp-Setup.tmp","51.1052.0.0","AppliedPolicyWorks-GR-RemoteApp-Setup.tmp","0xc0000005Fault","0x00008724","0x0x4498","38b82297-4e9a-4cc9-8d6c-dff09150eee8",""
"2024-09-10 8:02 PM","Application Error","AppliedPolicyWorks-GR-RemoteApp-Setup.tmp","51.1052.0.0","ntdll.dll","0xc0000005Fault","0x00044069","0x0x4498","1a3da481-3aa8-43a5-aa22-98b6a078bf1a",""
"2024-09-10 4:31 PM","Application Error","AppliedPolicyWorks-GR-RemoteApp-Setup.tmp","51.1052.0.0","AppliedPolicyWorks-GR-RemoteApp-Setup.tmp","0xc0000005Fault","0x00008724","0x0x17D8","7d4d320f-19b7-4b88-9f02-508b50131745",""
"2024-09-10 4:31 PM","Application Error","WerFault.exe","10.0.22621.3810","ntdll.dll","0xc0000005Fault","0x00044069","0x0x6A98","8dc3626d-415b-4082-809b-b78d61d12197",""
"2024-09-10 4:31 PM","Application Error","AppliedPolicyWorks-GR-RemoteApp-Setup.tmp","51.1052.0.0","ntdll.dll","0xc0000005Fault","0x00044069","0x0x17D8","ef07c0a8-656d-4227-bb96-1da9f846c5e7",""
"2024-09-09 1:59 PM","Application Error","WerFault.exe","10.0.22621.3810","ntdll.dll","0xc0000005Fault","0x0000000000037d00","0x0x53D8","ab6dcd98-1e31-4e59-ab02-7d9d08b79218",""
"2024-09-09 1:59 PM","Application Error","SystemSettingsAdminFlows.exe","10.0.22621.4111","ntdll.dll","0xc0000005Fault","0x0000000000037d00","0x0x6730","6373fd0b-5b6f-4737-a20b-c52c9ee42109",""
"2024-09-09 1:59 PM","Application Error","AdobeARM.exe","1.824.460.1091","ntdll.dll","0xc0000005Fault","0x00044069","0x0x402C","96ddbb0a-8b1c-4646-ba2c-95073e2d28cf",""
"2024-08-29 3:00 PM","Application Error","WerFault.exe","10.0.22621.3810","ntdll.dll","0xc0000005Fault","0x00044069","0x0x6AD0","9a65397d-d890-4c56-b910-0f0496fb01dd",""
"2024-08-29 3:00 PM","Application Error","AdobeARM.exe","1.824.460.1091","ntdll.dll","0xc0000005Fault","0x00044069","0x0x6914","87900832-910a-4ebb-bc43-9a8cbf09b12e",""
"2024-08-28 11:55 PM","Application Error","lua.exe","6.5.0.1","unknown","0xc0000005Fault","0x000002b8","0x0x2C10","27336cb0-525f-466f-81b6-5f69cb2f436e",""
"2024-08-28 9:12 PM","Application Error","AppliedPolicyWorks-GR-RemoteApp-Setup.tmp","51.1052.0.0","AppliedPolicyWorks-GR-RemoteApp-Setup.tmp","0xc0000005Fault","0x00008724","0x0x14E0","b4941b0c-6978-4e04-8086-1a90c9dff40f",""
"2024-08-28 9:12 PM","Application Error","AppliedPolicyWorks-GR-RemoteApp-Setup.tmp","51.1052.0.0","ntdll.dll","0xc0000005Fault","0x00044079","0x0x14E0","2d239237-f61b-4af3-8fb0-74c788eba407",""
"2024-08-27 2:54 PM","Application Error","logioptionsplus_agent.exe","1.80.1141.0","ntdll.dll","0xc0000374Fault","0x000000000010c8f9","0x0x3B1C","b9c22104-ae00-4f96-9568-e1c88461d207",""
"2024-08-26 7:16 PM","Application Error","1Password.exe","8.10.40.31","index.node","0xc0000409Fault","0x00000000026acaf7","0x0x6E24","f720953c-33f8-41e0-b573-f07715fcd2b4",""
"2024-08-26 3:01 PM","Application Error","AdobeARM.exe","1.824.460.1091","ntdll.dll","0xc0000005Fault","0x00044079","0x0x8AF8","b8dc947a-6219-4449-8f93-da0260fbc9a8",""
"2024-08-21 7:51 PM","Application Error","ensserver.exe","0.0.0.0","ucrtbase.dll","0xc0000409Fault","0x0009e3bb","0x0x18BC","71b1ed00-4e2d-45bb-b1d8-5cfdadc8b519",""
"2024-08-21 3:00 PM","Application Error","AdobeARM.exe","1.824.460.1091","ntdll.dll","0xc0000005Fault","0x00044079","0x0x4988","3b52653c-65d0-46b3-91f7-feb0f1bd6b30",""
"2024-08-20 9:01 PM","Application Error","AdobeARM.exe","1.824.460.1091","ntdll.dll","0xc0000005Fault","0x00044079","0x0x1614","59ba3aa7-ae39-4721-8f7c-68645a5e48d9",""
"2024-08-20 3:22 PM","Application Error","AdobeARM.exe","1.824.460.1091","ntdll.dll","0xc0000005Fault","0x00044079","0x0x3224","8a8959a4-34de-412b-9c77-9c00e91ef6df",""
"2024-08-19 11:19 PM","Application Error","Sonos.exe","6.0.0.34230","KERNELBASE.dll","0xc0020001Fault","0x0014a942","0x0x58BC","5780ee73-b8d1-475f-869e-283b36e33d49",""
"2024-08-19 8:35 PM","Application Error","AdobeARM.exe","1.824.460.1091","ntdll.dll","0xc0000005Fault","0x00044079","0x0x2258","014ad430-cfe6-4f34-b4e2-4df08f178d14",""
"2024-08-19 7:09 PM","Application Error","AdobeARM.exe","1.824.460.1091","ntdll.dll","0xc0000005Fault","0x00044079","0x0x3878","f46b41d9-1345-4fdd-8532-dfead91f09ad",""
"2024-08-19 3:41 PM","Application Error","ensserver.exe","0.0.0.0","ucrtbase.dll","0xc0000409Fault","0x0009e3bb","0x0x158C","e336c05e-c1c0-4e32-b01b-6b43156f984e",""
"2024-08-16 5:04 PM","Application Error","Git-2.46.0-64-bit.tmp","51.1052.0.0","Git-2.46.0-64-bit.tmp","0xc0000005Fault","0x0000a878","0x0x12B0","c214877c-e34c-497e-96fc-9065b51971d6",""
"2024-08-16 5:04 PM","Application Error","Git-2.46.0-64-bit.tmp","51.1052.0.0","ntdll.dll","0xc0000005Fault","0x00044079","0x0x12B0","2a32ee98-db99-4035-851a-98188fcacc64",""
"2024-08-16 3:52 PM","Application Error","lua.exe","6.5.0.1","unknown","0xc0000005Fault","0x0000029c","0x0x2BDC","fc07e1f7-dc7b-4830-a6ff-03c93e8cdf81",""
"2024-08-16 3:05 PM","Application Error","WerFault.exe","10.0.22621.3810","ntdll.dll","0xc0000005Fault","0x00044079","0x0x63DC","0c41d0f6-e68a-4339-b3c3-779346f03815",""
"2024-08-16 3:05 PM","Application Error","AdobeARM.exe","1.824.460.1091","ntdll.dll","0xc0000005Fault","0x00044079","0x0x564C","2a47b773-d727-4e0d-ab89-3d2677fa627e",""
"2024-08-15 4:03 PM","Application Error","svchost.exe_cbdhsvc","10.0.22621.1","SmartActionPlatform.dll","0xc0000005Fault","0x0000000000008905","0x0x6A08","a975248f-3f8f-463b-8c19-a0c8bace767c",""
"2024-08-15 3:02 PM","Application Error","AdobeARM.exe","1.824.460.1091","ntdll.dll","0xc0000005Fault","0x00044079","0x0x16A0","29f9c8db-ce1f-49d9-a763-e91c0fa1c96a",""
"2024-08-14 7:49 PM","Application Error","WerFault.exe","10.0.22621.3810","ntdll.dll","0xc0000005Fault","0x00044079","0x0x4DB4","9d7635f0-90cc-4a27-9da9-b08e642ff03b",""
"2024-08-14 7:49 PM","Application Error","AdobeARM.exe","1.824.460.1091","ntdll.dll","0xc0000005Fault","0x00044079","0x0x2488","fa79faae-99c8-4162-8b99-85339eea820d",""
"2024-08-14 5:37 PM","Application Error","cpu-z_2.10-en.tmp","51.1052.0.0","cpu-z_2.10-en.tmp","0xc0000005Fault","0x0000a878","0x0x7D00","552fc19b-f91e-43cb-b586-d3ef50d0bd4c",""
"2024-08-14 5:37 PM","Application Error","cpu-z_2.10-en.tmp","51.1052.0.0","ntdll.dll","0xc0000005Fault","0x00044079","0x0x7D00","a9a5f72a-7165-4624-a9eb-f03e4e84e9e9",""
"2024-08-14 2:59 PM","Application Error","AdobeARM.exe","1.824.460.1091","ntdll.dll","0xc0000005Fault","0x00044079","0x0x2688","4a837804-53b0-4691-99b6-af02ab9e2893",""
"2024-08-13 11:55 PM","Application Error","lua.exe","6.5.0.1","unknown","0xc0000005Fault","0x000003d8","0x0x335C","33644ab5-155c-4ca8-9f3d-d490958f218a",""
"2024-08-13 8:10 PM","Application Error","svchost.exe_cbdhsvc","10.0.22621.1","SmartActionPlatform.dll","0xc0000005Fault","0x0000000000008905","0x0x4558","f5b7dd7b-44c8-4a42-919f-41d4fe0a2cb9",""
"2024-08-13 6:52 PM","Application Error","AppliedPolicyWorks-GR-RemoteApp-Setup.tmp","51.1052.0.0","AppliedPolicyWorks-GR-RemoteApp-Setup.tmp","0xc0000005Fault","0x00008724","0x0x5870","81023f34-a676-42b2-8a64-653798db1ec6",""
"2024-08-13 6:52 PM","Application Error","AppliedPolicyWorks-GR-RemoteApp-Setup.tmp","51.1052.0.0","ntdll.dll","0xc0000005Fault","0x00044079","0x0x5870","f9a2e4df-deff-449b-97df-06a6e70850e2",""
"2024-08-13 3:45 PM","Application Error","svchost.exe_cbdhsvc","10.0.22621.1","SmartActionPlatform.dll","0xc0000005Fault","0x0000000000008905","0x0x4278","d38fad4d-1cef-48c9-9175-ea451db8ed61",""
"2024-08-13 3:43 PM","Application Error","svchost.exe_cbdhsvc","10.0.22621.1","SmartActionPlatform.dll","0xc0000005Fault","0x0000000000008905","0x0xB54","329112af-5a9c-4383-9e12-94b88413e228",""
"2024-08-13 3:01 PM","Application Error","AdobeARM.exe","1.824.460.1091","ntdll.dll","0xc0000005Fault","0x00044079","0x0x48E4","c0ac8700-c50a-4b6f-a54e-5b8847f682f2",""
"2024-08-12 10:55 PM","Application Error","AdobeARM.exe","1.824.460.1091","ntdll.dll","0xc0000005Fault","0x00044079","0x0x7CB0","4b2cc45a-4a8c-435f-982b-d63a73ca2526",""
"2024-08-12 2:53 PM","Application Error","AdobeARM.exe","1.824.460.1091","ntdll.dll","0xc0000005Fault","0x00044079","0x0x399C","45e671d3-dd15-4e21-97bf-a40ffe0fd3d4",""
"2024-08-09 11:29 PM","Application Error","KaseyaLiveConnect.exe","9.5.8908.10196","Qt5WebSockets.dll","0xc0000005Fault","0x0000000000005fbd","0x0x4268","a232c555-f4fe-4dc8-9e6e-38217ee56d9c",""
"2024-08-08 10:14 PM","Application Error","ensserver.exe","0.0.0.0","ucrtbase.dll","0xc0000409Fault","0x0009e3bb","0x0x1468","401e55f2-cca3-4461-be41-eca22b1ef7a8",""
"2024-08-08 1:46 PM","Application Error","svchost.exe_cbdhsvc","10.0.22621.1","SmartActionPlatform.dll","0xc0000005Fault","0x0000000000008905","0x0x3FB0","2db4af93-89f0-4547-9d9c-c9663362543f",""
"2024-08-08 1:03 PM","Application Error","AdobeARM.exe","1.824.460.1078","ntdll.dll","0xc0000005Fault","0x00044079","0x0x861C","f33e3edf-12c1-486e-bf00-c1b77db0c5fb",""
"2024-08-02 8:16 PM","Application Error","ShellExperienceHost.exe","10.0.22621.3810","Windows.UI.QuickActions.dll","0xc0000409Fault","0x00000000004b7b21","0x0x43B8","c18e7f54-40ea-4a7b-9805-08a23b996e43","Microsoft.Windows.ShellExperienceHost_10.0.22621.3810_neutral_neutral_cw5n1h2txyewy"
"2024-08-02 7:33 PM","Application Error","RuntimeBroker.exe","10.0.22621.3672","shcore.dll","0xc0000005Fault","0x000000000001a858","0x0x5E3C","5530f9e7-7098-4890-9009-6782ffd83885","Microsoft.Windows.ShellExperienceHost_10.0.22621.3810_neutral_neutral_cw5n1h2txyewy"
"2024-07-31 10:10 PM","Application Error","AirPodsDesktop.exe","0.4.1.0","ntdll.dll","0xc0000005Fault","0x0008d0e6","0x0x594C","d27298e5-beee-429c-9f65-b4ee853cb59a",""
"2024-07-30 3:52 AM","Application Error","ensserver.exe","0.0.0.0","ntdll.dll","0xc0000374Fault","0x000edb7f","0x0x1910","b057e58a-b617-4b21-bebc-a622e1fd6a62",""
"2024-07-29 11:55 PM","Application Error","lua.exe","6.5.0.1","unknown","0xc0000005Fault","0x0000010c","0x0x30D0","0e0d301b-4819-4855-bdca-2730b045ea7e",""
"2024-07-29 11:55 PM","Application Error","lua.exe","6.5.0.1","unknown","0xc0000005Fault","0x000002bc","0x0x30D8","20ab346a-fe57-4de2-8c64-b246e75e0c11",""
"2024-07-29 6:10 PM","Application Error","svchost.exe_cbdhsvc","10.0.22621.1","SmartActionPlatform.dll","0xc0000005Fault","0x0000000000008905","0x0x657C","d5502fac-e1f0-4817-999b-2ef176227b74",""
"2024-07-26 8:54 PM","Application Error","svchost.exe_cbdhsvc","10.0.22621.1","SmartActionPlatform.dll","0xc0000005Fault","0x0000000000008905","0x0x3DE4","ed3c827d-a1f0-4875-8c14-b9956915840f",""
"2024-07-26 8:49 PM","Application Error","svchost.exe_cbdhsvc","10.0.22621.1","SmartActionPlatform.dll","0xc0000005Fault","0x0000000000008905","0x0x735C","e75cb311-810a-48a5-ae7c-cfd950c5335c",""
"2024-07-26 8:44 PM","Application Error","svchost.exe_cbdhsvc","10.0.22621.1","SmartActionPlatform.dll","0xc0000005Fault","0x0000000000008905","0x0x8224","ba71b03f-be51-4f28-aacf-b3f70958b2bc",""
"2024-07-26 5:57 PM","Application Error","AirPodsDesktop.exe","0.4.1.0","Qt5Widgets.dll","0xc0000005Fault","0x0003cd0d","0x0x6348","15b54093-651b-44a7-9073-2f1e93a154f4",""
"2024-07-26 4:01 PM","Application Error","AppliedPolicyWorks-GR-RemoteApp-Setup.tmp","51.1052.0.0","AppliedPolicyWorks-GR-RemoteApp-Setup.tmp","0xc0000005Fault","0x00008724","0x0x712C","dc6c1d30-1ee6-4bf1-9e4f-d3effd18225f",""
"2024-07-26 4:01 PM","Application Error","WerFault.exe","10.0.22621.3810","ntdll.dll","0xc0000005Fault","0x00044079","0x0x82A8","0ba57253-af7f-4ae7-9b09-8a3f0b7050ef",""
"2024-07-26 4:01 PM","Application Error","AppliedPolicyWorks-GR-RemoteApp-Setup.tmp","51.1052.0.0","ntdll.dll","0xc0000005Fault","0x00044079","0x0x712C","92e0a4bf-f237-4236-a5f6-ac6dad191055",""
"2024-07-25 6:30 PM","Application Error","svchost.exe_cbdhsvc","10.0.22621.1","SmartActionPlatform.dll","0xc0000005Fault","0x0000000000008905","0x0x78D4","f078196c-626e-4b40-9110-4b02c39abdd0",""
"2024-07-24 6:39 PM","Application Error","nada_264_logioptionsplus.exe","1.46.5296.0","ntdll.dll","0xc0000005Fault","0x0000000000037d00","0x0x38A0","4031723f-a25b-4447-8456-6d9f05a5c1ee",""
"2024-07-24 6:38 PM","Application Error","rundll32.exe_LogiLDA.dll","10.0.22621.3880","ntdll.dll","0xc0000005Fault","0x0000000000037d00","0x0x254C","fae1ec6e-70c3-4ea5-a459-2283625839f9",""
"2024-07-23 1:41 PM","Application Error","backgroundTaskHost.exe","10.0.22621.1","twinapi.appcore.dll","0xc000027bFault","0x00000000000ca1b3","0x0x5470","a47fa498-e47e-4841-af05-cdfcb7b17e26","Microsoft.Todos_2.114.7122.0_x64__8wekyb3d8bbwe"
"2024-07-22 10:19 PM","Application Error","svchost.exe_cbdhsvc","10.0.22621.1","SmartActionPlatform.dll","0xc0000005Fault","0x0000000000008905","0x0x3D5C","79b1b6d4-72e5-4a35-978d-e600a1547c35",""
"2024-07-22 10:16 PM","Application Error","svchost.exe_cbdhsvc","10.0.22621.1","SmartActionPlatform.dll","0xc0000005Fault","0x0000000000008905","0x0x2D5C","7b8adfc0-75fe-4603-adf5-06fbce22a38b",""
"2024-07-22 1:07 PM","Application Error","AdobeARM.exe","1.824.460.1078","ntdll.dll","0xc0000005Fault","0x00044079","0x0x7238","fecc4bfa-fa96-4f5f-be84-6af9ecbf2360",""
"2024-07-16 11:35 PM","Application Error","AdobeARM.exe","1.824.460.1078","ntdll.dll","0xc0000005Fault","0x00044079","0x0x1270","cfe6488f-9b39-43de-b98f-712ceccc4d6f",""
"2024-07-16 11:20 PM","Application Error","lua.exe","6.5.0.1","unknown","0xc0000005Fault","0x000002a8","0x0x3ADC","29bfb878-f8f5-4ca1-9624-b6c2108c232f",""
"2024-07-16 11:18 PM","Application Error","WerFault.exe","10.0.22621.3810","ntdll.dll","0xc0000005Fault","0x0000000000037d00","0x0x3130","ea33893a-5beb-4401-b5b3-77113a60e61c",""
"2024-07-16 11:18 PM","Application Error","Taskmgr.exe","10.0.22621.3810","ntdll.dll","0xc0000005Fault","0x0000000000037d00","0x0x3ED0","6bf9af4e-7c0d-456b-a120-5f92de5c70c5",""
"2024-07-16 2:59 PM","Application Error","AdobeARM.exe","1.824.460.1078","ntdll.dll","0xc0000005Fault","0x00044079","0x0x3FA4","e57816a6-8101-4b92-b52e-773b037062d9",""
"2024-07-12 2:53 PM","Application Error","ensserver.exe","0.0.0.0","ntdll.dll","0xc0000005Fault","0x0006ab1f","0x0x31FC","9682a3c2-1c90-4b57-a947-0f9943f0a890",""
"2024-07-10 8:56 PM","Application Error","WerFault.exe","10.0.22621.3810","ntdll.dll","0xc0000005Fault","0x00044079","0x0x3BB8","31c18df6-1c74-4adf-8739-0c3beb238ca0",""
"2024-07-10 8:56 PM","Application Error","AdobeARM.exe","1.824.460.1078","ntdll.dll","0xc0000005Fault","0x00044079","0x0x5770","665148a7-b024-479e-ae5d-15db62af9f1b",""
"2024-07-10 7:27 PM","Application Error","lua.exe","6.5.0.1","unknown","0xc0000005Fault","0x00000298","0x0x3018","4db01fae-3a63-450f-af59-4908fe4bd683",""
"2024-07-10 7:27 PM","Application Error","lua.exe","6.5.0.1","unknown","0xc0000005Fault","0x00000118","0x0x2F6C","3fe80ec7-9607-4183-b9dd-fac88f70069e",""
"2024-07-04 5:40 PM","Application Error","AdobeARM.exe","1.824.460.1078","ntdll.dll","0xc0000005Fault","0x00044079","0x0x5E0C","179ad583-6a50-4549-9fbc-46815f53420a",""
"2024-07-04 5:25 PM","Application Error","bad_module_info","0.0.0.0","unknown","0x00000000Fault","0x00000000","0x0x16B0","e56cac8b-0855-4ce8-a205-1acd0234e1eb",""
"2024-07-04 5:25 PM","Application Error","PrintIsolationHost.exe","10.0.22621.1","hppccdvq64.dll","0xc0000409Fault","0x0000000000001b91","0x0x2E2C","6cbfc84f-2279-46c7-82ad-8b3cb2ff649e",""
"2024-07-03 9:47 PM","Application Error","WerFault.exe","10.0.22621.3672","ntdll.dll","0xc0000005Fault","0x0000000000037d00","0x0xD7C8","71577964-669c-4225-8aaa-485a103eb7e9",""
"2024-07-03 9:47 PM","Application Error","Photos.exe","0.0.0.0","ntdll.dll","0xc0000005Fault","0x0000000000037d00","0x0xD934","d0824f79-09b0-45dc-9147-c73219021f41","Microsoft.Windows.Photos_2024.11060.20006.0_x64__8wekyb3d8bbwe"
"2024-07-03 2:58 PM","Application Error","AdobeARM.exe","1.824.460.1078","ntdll.dll","0xc0000005Fault","0x00044079","0x0x11F8","fa64c42e-8799-43ae-831b-15bbdcc5b070",""
"2024-06-28 9:59 PM","Application Error","Taskmgr.exe","10.0.22621.3672","ntdll.dll","0xc0000005Fault","0x0000000000037d00","0x0x16BC","c9624549-77ba-447e-9890-5f85c98abd99",""
"2024-06-28 3:00 PM","Application Error","WerFault.exe","10.0.22621.3672","ntdll.dll","0xc0000005Fault","0x00044079","0x0x3BAC","661c59a4-3604-4ef5-8ad1-c3f79ce17018",""
"2024-06-28 3:00 PM","Application Error","AdobeARM.exe","1.824.460.1067","ntdll.dll","0xc0000005Fault","0x00044079","0x0x477C","ebd4c06d-2dbd-4994-9025-6d5066e4cb6d",""
"2024-06-27 11:52 PM","Application Error","bad_module_info","0.0.0.0","unknown","0x00000000Fault","0x00000000","0x0x1958","1e9777d7-6e12-4379-9cd7-478445fc650f",""
"2024-06-27 11:50 PM","Application Error","lua.exe","6.5.0.1","unknown","0xc0000005Fault","0x00000290","0x0x2FB8","4d6e949c-83b8-4a49-a65b-34f8c4eac28b",""
"2024-06-27 3:00 PM","Application Error","AdobeARM.exe","1.824.460.1067","ntdll.dll","0xc0000005Fault","0x00044079","0x0x4CA8","b8d3b889-f635-4db9-885d-036a92ba80bd",""
"2024-06-26 6:53 PM","Application Error","SnippingTool.exe","11.2405.32.0","ucrtbase.dll","0xc0000409Fault","0x000000000007f6fe","0x0x46E4","2f652aee-de78-4082-91f3-fd25f2da39b4","Microsoft.ScreenSketch_11.2405.32.0_x64__8wekyb3d8bbwe"
"2024-06-25 5:10 PM","Application Error","WerFault.exe","10.0.22621.3672","ntdll.dll","0xc0000005Fault","0x00044079","0x0x6164","c7545575-aa58-4e77-8aeb-e88f29b19a12",""
"2024-06-25 5:10 PM","Application Error","AdobeARM.exe","1.824.460.1067","ntdll.dll","0xc0000005Fault","0x00044079","0x0x2518","481c0fb1-82bb-43b6-8e73-aab38ab4e035",""
"2024-06-25 4:56 PM","Application Error","lua.exe","6.5.0.1","unknown","0xc0000005Fault","0x000003c8","0x0x2F80","10c7a18d-2bbe-4b8f-8d5b-1d230d75369c",""
"2024-06-25 4:56 PM","Application Error","lua.exe","6.5.0.1","unknown","0xc0000005Fault","0x00000104","0x0x2EEC","2a04c4a3-7e2d-4390-afff-c45deb0ec976",""
"2024-06-25 2:51 PM","Application Error","AdobeARM.exe","1.824.460.1067","ntdll.dll","0xc0000005Fault","0x00044079","0x0x431C","26e2ab73-f5ad-4c0c-bbd8-d1ea8c818d9e",""
"2024-06-21 3:00 PM","Application Error","AdobeARM.exe","1.824.460.1067","ntdll.dll","0xc0000005Fault","0x00044079","0x0xEE4","4f047f29-6604-4a31-9fd2-cc7d5a7eba9c",""
"2024-06-20 11:18 PM","Application Error","AdobeARM.exe","1.824.460.1067","ntdll.dll","0xc0000005Fault","0x00044079","0x0x1B50","fe831daa-d40a-4f29-a246-f658c1cc11c7",""
"2024-06-19 7:36 PM","Application Error","SnippingTool.exe","11.2404.40.0","SnippingToolUI.dll","0xc0000005Fault","0x000000000004b868","0x0x53F8","a498cec3-5e2a-44a0-8769-ebd20c075d50","Microsoft.ScreenSketch_11.2404.40.0_x64__8wekyb3d8bbwe"
"2024-06-18 11:13 PM","Application Error","winget.exe","1.22.2405.5001","ntdll.dll","0xc0000005Fault","0x0000000000037d00","0x0x5010","0bcb6957-823d-403e-a972-d880533f03f9","Microsoft.DesktopAppInstaller_1.22.11261.0_x64__8wekyb3d8bbwe"
"2024-06-18 11:13 PM","Application Error","Taskmgr.exe","10.0.22621.3672","DUI70.dll","0xc000041dFault","0x00000000000249d3","0x0x3EA8","fc2c1cfd-9acb-45b4-b8f4-3bdc071a77c4",""
"2024-06-18 11:13 PM","Application Error","WerFault.exe","10.0.22621.3672","ntdll.dll","0xc0000005Fault","0x0000000000037d00","0x0x389C","5ac3f5af-0b33-43be-85e5-9e93d537e878",""
"2024-06-18 11:13 PM","Application Error","Taskmgr.exe","10.0.22621.3672","DUI70.dll","0xc0000005Fault","0x00000000000249d3","0x0x3EA8","3efeaef8-0d27-4ee0-8659-ff700d6a089e",""
"2024-06-18 10:59 PM","Application Error","DllHost.exe","10.0.22621.1","ntdll.dll","0xc0000409Fault","0x000000000008f0bf","0x0x43F8","eae7ef2f-515a-45da-9b94-d4087b6a13b6",""
"2024-06-18 6:51 PM","Application Error","explorer.exe","10.0.22621.3733","ntdll.dll","0xc0000005Fault","0x0000000000037d00","0x0xBB4","8d713c52-0de4-4e1d-856b-20bd1fb06598",""
"2024-06-17 5:42 PM","Application Error","AdobeARM.exe","1.824.460.1067","ntdll.dll","0xc0000005Fault","0x00044079","0x0x3324","def199d8-c6f3-4470-9855-74e3b46aff48",""
"2024-06-17 5:07 PM","Application Error","lua.exe","6.5.0.1","unknown","0xc0000005Fault","0x000002cc","0x0x2D78","3b2ccdb6-f79f-4417-b17e-c44605df3525",""
"2024-06-17 5:07 PM","Application Error","lua.exe","6.5.0.1","unknown","0xc0000005Fault","0x000002a4","0x0x2E54","59ebee10-ecb6-481d-8847-4010b6bfdab5",""
"2024-06-17 2:59 PM","Application Error","WerFault.exe","10.0.22621.3672","ntdll.dll","0xc0000005Fault","0x00044079","0x0x31A8","968a620e-4c27-4a65-9e11-d531b33d16ff",""
"2024-06-17 2:59 PM","Application Error","AdobeARM.exe","1.824.460.1067","ntdll.dll","0xc0000005Fault","0x00044079","0x0x33C4","32a400be-96ca-4a7c-8019-e77a30d387d5",""
"2024-06-14 9:27 PM","Application Error","backgroundTaskHost.exe","10.0.22621.1","twinapi.appcore.dll","0xc000027bFault","0x00000000000ca2d3","0x0x6B18","100c78fc-551d-4d1d-ab5b-db611e12b4c2","Microsoft.YourPhone_1.24051.101.0_x64__8wekyb3d8bbwe"
"2024-06-14 3:10 PM","Application Error","WerFault.exe","10.0.22621.3672","ntdll.dll","0xc0000005Fault","0x00044079","0x0x5D3C","b928e48b-c8dc-4942-8908-12962c42e49e",""
"2024-06-14 3:09 PM","Application Error","AdobeARM.exe","1.824.460.1067","ntdll.dll","0xc0000005Fault","0x00044079","0x0x4A50","b5cbd14e-3293-48d5-a1fb-22cf99a7ed66",""
"2024-06-13 11:54 PM","Application Error","Resolve.exe","19.0.0.33","fusionsystem.dll_unloaded","0xc0000005Fault","0x0000000000724f90","0x0x3CAC","505c2dfc-3d21-4f2e-86bf-1dbdf9734018",""
"2024-06-13 9:43 PM","Application Error","Resolve.exe","19.0.0.33","fusionsystem.dll_unloaded","0xc0000005Fault","0x0000000000724f90","0x0x4DD0","cc859c7f-1e45-4741-8ca0-955573129809",""
"2024-06-13 6:13 PM","Application Error","AdobeARM.exe","1.824.460.1067","ntdll.dll","0xc0000005Fault","0x00044079","0x0x59B0","cc9ea400-6931-4dce-98c7-a02b147f98c6",""
"2024-06-12 11:51 PM","Application Error","bad_module_info","0.0.0.0","unknown","0x00000000Fault","0x00000000","0x0x183C","42a76aec-cddf-4311-ac3f-7061832b733f",""
"2024-06-12 11:51 PM","Application Error","lua.exe","6.5.0.1","unknown","0xc0000005Fault","0x000002bc","0x0x2E14","8f022d6d-a8a5-4885-b7d0-4c4745dfea72",""
"2024-06-12 11:51 PM","Application Error","lua.exe","6.5.0.1","unknown","0xc0000005Fault","0x000003d8","0x0x2D28","2bf24735-51cf-4c77-a41a-ba24a5ec8744",""
"2024-06-12 9:46 PM","Application Error","WerFault.exe","10.0.22621.3672","ntdll.dll","0xc0000005Fault","0x0000000000037820","0x0x6CD0","2c17cfc5-e52c-4c31-b129-bfcd3ff4649f",""
"2024-06-12 9:46 PM","Application Error","WinRAR.exe","7.1.0.0","ntdll.dll","0xc0000005Fault","0x0000000000037820","0x0x578","4fb2bf3b-5cc2-4ab3-b3b7-b85e55fd42e4",""
"2024-06-12 3:00 PM","Application Error","AdobeARM.exe","1.824.460.1067","ntdll.dll","0xc0000005Fault","0x00043ae9","0x0x63B0","2d7678c7-c1fc-432c-bf92-d1548a365a7a",""
"2024-06-10 2:44 PM","Application Error","AdobeARM.exe","1.824.460.1067","ntdll.dll","0xc0000005Fault","0x00043ae9","0x0x1710","911f1a85-2fbe-4569-8a3a-a6297534f6c1",""
